{
  "params": {
    "pH": {
      "mean": 7.001599204709215,
      "std": 0.18507741450730764
    },
    "water_level": {
      "mean": 17.980867942934132,
      "std": 0.4915254131266036
    },
    "temperature": {
      "mean": 25.123022758626806,
      "std": 0.9269522142373623
    },
    "light": {
      "mean": 306.61707051799755,
      "std": 81.17879063735992
    }
  },
  "threshold": 3.0
}