{
  "params": {
    "pH": {
      "mean": 7.5605,
      "std": 0.5397080229160949
    },
    "water_level": {
      "mean": 15.780499999999998,
      "std": 3.498894789787198
    },
    "temperature": {
      "mean": 26.214999999999993,
      "std": 3.173106522006471
    },
    "light": {
      "mean": 273.815,
      "std": 124.91237438700779
    }
  },
  "threshold": 3.0
}